<?xml version="1.0" encoding="UTF-8" ?>
<beans xmlns="http://www.springframework.org/schema/beans"
	xmlns:xsi="http://www.w3.org/2001/XMLSchema-instance"
	xsi:schemaLocation="http://www.springframework.org/schema/beans http://www.springframework.org/schema/beans/spring-beans-3.0.xsd">

    <!-- Class loading incoming SAML messages from httpRequest stream -->
    <bean id="processor" class="org.springframework.security.saml.processor.SAMLProcessorImpl">
        <constructor-arg>
            <list>
                <ref bean="redirectBinding"/>
                <ref bean="postBinding"/>
                <ref bean="artifactBinding"/>
                <ref bean="soapBinding"/>
                <ref bean="paosBinding"/>
            </list>
        </constructor-arg>
    </bean>

</beans>